订单编号,订单日期,地区,城市,产品类别,产品名,销售员,数量,单价,金额
SO-2025-0001,2025-07-29,华北,北京,耗材,硒鼓,李婷,4,320.0,1280.00
SO-2025-0002,2025-07-05,华北,石家庄,耗材,A4纸,王小明,7,28.0,196.00
SO-2025-0003,2025-07-26,华北,北京,办公文具,中性笔,赵蕾,40,3.5,140.00
SO-2025-0004,2025-07-21,西南,成都,办公设备,显示器支架,赵蕾,1,259.0,259.00
SO-2025-0005,2025-08-13,西南,重庆,办公设备,无线鼠标,王小明,4,129.0,516.00
SO-2025-0006,2025-09-16,华北,天津,办公文具,便利贴,张伟,27,8.0,216.00
SO-2025-0007,2025-07-11,华北,石家庄,办公设备,机械键盘,刘洋,7,399.0,2793.00
SO-2025-0008,2025-09-29,华南,厦门,耗材,硒鼓,王小明,4,320.0,1280.00
SO-2025-0009,2025-07-30,华北,石家庄,办公文具,便利贴,王小明,10,8.0,80.00
SO-2025-0010,2025-08-17,西南,重庆,办公设备,显示器支架,张伟,3,259.0,777.00
SO-2025-0011,2025-09-07,华东,南京,办公设备,机械键盘,赵蕾,3,399.0,1197.00
SO-2025-0012,2025-09-20,华东,上海,办公设备,升降桌,赵蕾,5,1599.0,7995.00
SO-2025-0013,2025-07-05,华东,南京,办公设备,机械键盘,张伟,4,399.0,1596.00
SO-2025-0014,2025-07-28,西南,重庆,办公文具,笔记本,赵蕾,25,12.0,300.00
SO-2025-0015,2025-08-03,西南,重庆,耗材,订书机钉,李婷,3,5.0,15.00
SO-2025-0016,2025-09-13,华东,南京,耗材,硒鼓,陈静,7,320.0,2240.00
SO-2025-0017,2025-07-07,华南,广州,办公文具,文件夹,王小明,10,6.5,65.00
SO-2025-0018,2025-08-19,华东,南京,办公文具,文件夹,陈静,9,6.5,58.50
SO-2025-0019,2025-09-26,西南,昆明,办公设备,机械键盘,刘洋,2,399.0,798.00
SO-2025-0020,2025-08-25,华南,厦门,办公设备,机械键盘,李婷,5,399.0,1995.00
SO-2025-0021,2025-09-03,西南,成都,耗材,硒鼓,王小明,3,320.0,960.00
SO-2025-0022,2025-08-17,华南,厦门,耗材,墨盒,李婷,3,210.0,630.00
SO-2025-0023,2025-07-15,华北,石家庄,办公设备,升降桌,张伟,1,1599.0,1599.00
SO-2025-0024,2025-07-11,华南,广州,办公文具,笔记本,赵蕾,10,12.0,120.00
SO-2025-0025,2025-09-23,西南,成都,耗材,墨盒,陈静,3,210.0,630.00
SO-2025-0026,2025-09-08,华东,杭州,耗材,订书机钉,赵蕾,4,5.0,20.00
SO-2025-0027,2025-08-26,华东,南京,办公设备,升降桌,刘洋,6,1599.0,9594.00
SO-2025-0028,2025-08-13,西南,成都,办公文具,笔记本,王小明,9,12.0,108.00
SO-2025-0029,2025-09-29,华东,南京,办公文具,中性笔,赵蕾,9,3.5,31.50
SO-2025-0030,2025-07-10,华北,北京,办公文具,中性笔,刘洋,26,3.5,91.00
SO-2025-0031,2025-09-08,华东,杭州,耗材,订书机钉,李婷,4,5.0,20.00
SO-2025-0032,2025-07-13,西南,成都,办公设备,升降桌,王小明,4,1599.0,6396.00
SO-2025-0033,2025-07-07,西南,重庆,办公设备,升降桌,赵蕾,8,1599.0,12792.00
SO-2025-0034,2025-08-01,华北,北京,办公设备,显示器支架,李婷,2,259.0,518.00
SO-2025-0035,2025-07-24,华东,南京,办公设备,无线鼠标,张伟,7,129.0,903.00
SO-2025-0036,2025-07-13,西南,成都,办公文具,文件夹,王小明,40,6.5,260.00
SO-2025-0037,2025-09-01,华北,北京,办公文具,笔记本,陈静,31,12.0,372.00
SO-2025-0038,2025-07-01,华东,杭州,办公文具,笔记本,陈静,29,12.0,348.00
SO-2025-0039,2025-07-20,华南,深圳,办公设备,升降桌,李婷,8,1599.0,12792.00
SO-2025-0040,2025-07-08,华南,广州,办公文具,中性笔,王小明,25,3.5,87.50
SO-2025-0041,2025-09-04,西南,昆明,耗材,墨盒,王小明,1,210.0,210.00
SO-2025-0042,2025-08-21,华东,上海,耗材,A4纸,王小明,4,28.0,112.00
SO-2025-0043,2025-08-23,华东,南京,耗材,A4纸,赵蕾,2,28.0,56.00
SO-2025-0044,2025-08-03,华南,深圳,办公文具,便利贴,陈静,20,8.0,160.00
SO-2025-0045,2025-08-10,华东,南京,耗材,硒鼓,王小明,8,320.0,2560.00
SO-2025-0046,2025-09-07,华北,天津,耗材,A4纸,李婷,2,28.0,56.00
SO-2025-0047,2025-08-17,华南,广州,办公设备,机械键盘,张伟,4,399.0,1596.00
SO-2025-0048,2025-09-24,华东,杭州,耗材,硒鼓,刘洋,1,320.0,320.00
SO-2025-0049,2025-07-15,华南,厦门,办公文具,笔记本,王小明,21,12.0,252.00
SO-2025-0050,2025-07-27,华东,杭州,办公设备,无线鼠标,赵蕾,6,129.0,774.00
SO-2025-0051,2025-07-12,华南,厦门,办公设备,显示器支架,赵蕾,1,259.0,259.00
SO-2025-0052,2025-07-17,西南,重庆,办公文具,中性笔,赵蕾,26,3.5,91.00
SO-2025-0053,2025-09-10,华南,广州,耗材,订书机钉,王小明,7,5.0,35.00
SO-2025-0054,2025-08-17,华北,北京,耗材,墨盒,刘洋,1,210.0,210.00
SO-2025-0055,2025-08-16,华东,杭州,办公文具,中性笔,王小明,24,3.5,84.00
SO-2025-0056,2025-08-15,华南,广州,耗材,墨盒,刘洋,2,210.0,420.00
SO-2025-0057,2025-07-21,西南,昆明,耗材,墨盒,李婷,4,210.0,840.00
SO-2025-0058,2025-09-24,西南,成都,办公文具,便利贴,赵蕾,31,8.0,248.00
SO-2025-0059,2025-07-05,华东,杭州,办公文具,中性笔,陈静,29,3.5,101.50
SO-2025-0060,2025-07-30,华东,上海,办公设备,显示器支架,李婷,5,259.0,1295.00
SO-2025-0061,2025-08-05,华北,石家庄,办公文具,文件夹,王小明,26,6.5,169.00
SO-2025-0062,2025-07-04,华南,深圳,耗材,订书机钉,王小明,6,5.0,30.00
SO-2025-0063,2025-07-14,华南,广州,耗材,硒鼓,刘洋,1,320.0,320.00
SO-2025-0064,2025-09-16,西南,重庆,耗材,硒鼓,刘洋,7,320.0,2240.00
SO-2025-0065,2025-07-06,华北,天津,耗材,墨盒,赵蕾,5,210.0,1050.00
SO-2025-0066,2025-08-25,西南,成都,耗材,墨盒,王小明,6,210.0,1260.00
SO-2025-0067,2025-09-03,华南,厦门,办公设备,机械键盘,张伟,5,399.0,1995.00
SO-2025-0068,2025-07-25,西南,重庆,办公设备,显示器支架,陈静,3,259.0,777.00
SO-2025-0069,2025-08-21,西南,昆明,耗材,墨盒,刘洋,5,210.0,1050.00
SO-2025-0070,2025-09-13,华北,天津,办公设备,无线鼠标,刘洋,7,129.0,903.00
SO-2025-0071,2025-09-04,华南,深圳,办公设备,升降桌,陈静,4,1599.0,6396.00
SO-2025-0072,2025-09-23,华东,南京,办公文具,便利贴,赵蕾,37,8.0,296.00
SO-2025-0073,2025-07-26,华南,广州,办公文具,便利贴,李婷,19,8.0,152.00
SO-2025-0074,2025-08-28,华北,北京,办公文具,文件夹,陈静,9,6.5,58.50
SO-2025-0075,2025-08-21,华东,南京,耗材,订书机钉,李婷,8,5.0,40.00
SO-2025-0076,2025-08-24,华东,南京,耗材,A4纸,李婷,2,28.0,56.00
SO-2025-0077,2025-09-10,华东,南京,耗材,订书机钉,李婷,1,5.0,5.00
SO-2025-0078,2025-09-10,华北,天津,办公文具,文件夹,刘洋,38,6.5,247.00
SO-2025-0079,2025-07-21,华南,深圳,耗材,订书机钉,赵蕾,8,5.0,40.00
SO-2025-0080,2025-09-05,西南,重庆,办公设备,无线鼠标,陈静,5,129.0,645.00
SO-2025-0081,2025-07-31,华东,杭州,办公设备,机械键盘,张伟,5,399.0,1995.00
SO-2025-0082,2025-07-20,华南,深圳,耗材,A4纸,李婷,3,28.0,84.00
SO-2025-0083,2025-08-23,西南,昆明,办公文具,笔记本,陈静,9,12.0,108.00
SO-2025-0084,2025-07-27,华南,厦门,办公设备,升降桌,陈静,1,1599.0,1599.00
SO-2025-0085,2025-08-31,西南,昆明,耗材,A4纸,王小明,7,28.0,196.00
SO-2025-0086,2025-09-01,华南,深圳,办公设备,升降桌,李婷,4,1599.0,6396.00
SO-2025-0087,2025-08-13,华南,深圳,办公设备,机械键盘,赵蕾,7,399.0,2793.00
SO-2025-0088,2025-09-18,西南,昆明,办公文具,文件夹,刘洋,13,6.5,84.50
SO-2025-0089,2025-09-21,华北,天津,耗材,A4纸,陈静,2,28.0,56.00
SO-2025-0090,2025-08-18,华东,杭州,办公文具,中性笔,张伟,21,3.5,73.50
SO-2025-0091,2025-08-05,华东,杭州,办公设备,显示器支架,陈静,7,259.0,1813.00
SO-2025-0092,2025-08-14,华南,广州,办公设备,机械键盘,李婷,1,399.0,399.00
SO-2025-0093,2025-07-26,华北,石家庄,办公文具,中性笔,王小明,20,3.5,70.00
SO-2025-0094,2025-09-11,华东,上海,办公文具,文件夹,李婷,12,6.5,78.00
SO-2025-0095,2025-09-16,西南,昆明,办公设备,显示器支架,刘洋,3,259.0,777.00
SO-2025-0096,2025-08-09,华北,北京,办公设备,机械键盘,刘洋,1,399.0,399.00
SO-2025-0097,2025-09-14,西南,重庆,耗材,墨盒,赵蕾,2,210.0,420.00
SO-2025-0098,2025-09-11,华东,上海,耗材,硒鼓,王小明,2,320.0,640.00
SO-2025-0099,2025-09-03,华南,厦门,办公设备,显示器支架,赵蕾,2,259.0,518.00
SO-2025-0100,2025-08-25,华南,广州,办公设备,升降桌,张伟,2,1599.0,3198.00
